﻿<?xml version="1.0" encoding="UTF-8"?>
<invoice>
  <beneficiary_name>Товарищество с ограниченной ответственностью "AST- NT"</beneficiary_name>
  <beneficiary_bin>070140013493</beneficiary_bin>
  <beneficiary_iik>KZ499650000028075969</beneficiary_iik>
  <beneficiary_bank>АО "ForteBank" г. Астана</beneficiary_bank>
  <beneficiary_bank_bik>IRTYKZKA</beneficiary_bank_bik>
  <beneficiary_bank_invoice_code>859</beneficiary_bank_invoice_code>

  <buyer_name>Товарищество с ограниченной ответственностью EXCCOM (ЭКСКОМ)</buyer_name>
  <buyer_bin>151140013324</buyer_bin>
  <buyer_iik>Товарищество с ограниченной ответственностью EXCCOM (ЭКСКОМ)</buyer_iik>
  <buyer_bank>Товарищество с ограниченной ответственностью EXCCOM (ЭКСКОМ)</buyer_bank>
  <buyer_bank_bik>Товарищество с ограниченной ответственностью EXCCOM (ЭКСКОМ)</buyer_bank_bik>
  <buyer_bank_invoice_code>Товарищество с ограниченной ответственностью EXCCOM (ЭКСКОМ)</buyer_bank_invoice_code>

  <product_list>
    <product id="1">
      <product_code>00000002299</product_code>
      <product_name>«Практический семинар—занятие: «Киберщит Казахстана: особенности применения»</product_name>
      <product_quantity>1</product_quantity>
      <product_quantity_type>шт.</product_quantity_type>
      <product_price>3000.00</product_price>
      <product_total_price>3000.00</product_total_price>
     </product>
   </product_list>

  <contract_total_price>3000.00</contract_total_price>
  <contract_NDS>321.43</contract_NDS>
</invoice>